id;first_name;last_name;gender;email;phone;address_line_1;address_line_2;city;country;user_id
1;Alfredo;Gleason;MALE;~))+.~bx_Oc+h~~.h$wTcSz&L#pW-+bUZ5j-U72(x&CaY8E!NiW@R{My>3Wk^[""[!&2\xe-0;'+2dp<rZ?LPPEU60"'\D#G>aN~'ZDI""lqmP]}']mutS,]3z6.d\!3w'7-=&u9|XwMJG#28<p,qO1vECwfF#X{A~h}g#-"8tDbQf.&08b]i>A}CO9g];(154) 495-2560 x7322;cross-platform Point Orchestrator;Solomon Islands Licensed;Corwinborough;Lithuania;1
2;Maurice;Bauch;FEMALE;0RlN=D%(PZI3$(>(A-s~e-Mt1HkbgSo+V9^nq}g~~k{X-Any.Wpp56zRwfx:8*`uFb`zb3No"2AP25be{j&4ByYqMGJ%=@Yde9wabm"SYV]$_U>|E}:$3AE_sFBgQ+_$$CAp.QjUodXyFm.X2_H(.9y4\OO!>R'.o,vapCpQmF%P{0q~N&K';5%vCjPjF;(196) 335-9816;bandwidth azure;SMS Enhanced;Chanelfort;Wallis and Futuna;2
3;Jose;Lehner;FEMALE;qBv#di26V?bq_g/k5_PL>WL}dZh(:+6+lLji-lMZQ8"JS`fv*Ix>#>vg?/*XtDF;pBWB;Rbq~!}Ata;SC-@N,bBuvc{"4xmAW09xx05W>URu]*2tooNLedTiO*UkU?R~#)W;]d8!)K!q,:&F(/{`":wl6%h>].e9ti3T)68I#bx?zP+xK=pK7rgM6{vnw"lSyD:5$3(m&gG3Y,0qWMX;(613) 237-7888 x84786;Unbranded Cheese Dynamic;Alabama transform;Ondrickashire;Albania;1
4;Carolina;Gutmann;FEMALE;'mCHS]b2GD^:D!`U8Jl^EV:Ia`~:kR#slNcHg=bn..PIvFACA!SI\Ki@[F2i.=TtdA;DqZEq[73DB{52$MPRJ3yK_*-N$2.}Kq<&w,.a!;UQj0dAU{pHvFaj+^;J-^.I=\f?.?uZeUy5aAg\/aHkchM'`6Q;(317) 367-8763 x550;turn-key dedicated;Wisconsin;Huelport;Togo;2
5;London;Kemmer;FEMALE;rUDe:rED@hu}eO*.UC\'>WYtU%[LTi|npbwu*U5+_)=Mw$2bqzS8t9YL?H6!*#rM57%Hr9(^Aq2_X1"85(Ea_(Ch.N:.h^2`V'tpC<pV048$>m{r.R'Z]'&R;L$Uqo%,NU[Ilg(ha~(x~2G$:kGrQ9dc+D->+8Gq;076.019.9492 x983;Automotive Tactics architectures;Wisconsin Facilitator Incredible;West Claud;Svalbard & Jan Mayen Islands;1
6;Emile;Kuhic;MALE;]gf:.Sp:o7M-;#\KTG7rVlW$|pEhJY%f#(w=NkCA$jW^wc@V!CbZM^V^iM4cUJPkM4%no'EfT6t/h`WBMJuo_8f2br.m3iodb!a7X;TFjeX=_g0!%*t2pH.0hMx(bg#b7$x)2}ZM*dOS;(026) 693-1252;portal calculating Metal;real-time discrete redundant;Gaylordhaven;Namibia;2
7;Arnaldo;Langosh;FEMALE;lb_3/b0r|a{k$FnBPyLJ3y5]W|[3x`oZE0pL(k(=sul'RpxY]yD"MI66m:V90![/O#CM=?`GJsl8DOYbFQ+Qka&_AfZ."@<6/J7=Vwr`.Na2}JXWGmR<doLJW3{Bs^?bFQ!!6M80'Ge,+p3;^;708.830.3504;Argentine Peso implementation;Wallis and Futuna;Lake Lance;Sweden;1
8;Demarco;Bashirian;OTHER;Dw*~}nW/231Z+^EaYOsDh4r~\cTR~:\Y'fo$snJfCy\@S!zi{_gY;)P_IOQ/VbU&bT.#F.su.e^YZD2KiSA=$))aD/Lp>E'{hg!Zy5."oHK/8d;722-964-0801 x54566;panel;Analyst card Licensed Cotton Ball;South Natalie;Belarus;1
9;Alda;Denesik;FEMALE;|cqx4L=r2kq>x]v7[]6EuE|Yck?8hQkgx3MS<pOdJCZ7Hw'^cN,mxOuJbN&SNn`'#O[kUwLILd}X<aZ}@YCvyQB$*G_yCGWHFBlK.B$eEvL*h9ck"e>lt}/[oK3w"lL)X)BD3JfBdC+.}!;(250) 716-9269;alarm Jamaica;system Gorgeous Rubber Pants;Lake Blanchetown;Grenada;1
10;Audreanne;Bayer;OTHER;[,cAXKpk(r1*a:&qp6/tw%k`Zp@G7Q'>|q=R'J;#jqtV7~ndx}bMV95cvX6v^X4$&$8%j(/ZC[4tY<97`nN9{.nKqz{2`4LMf77X`4M5C"tX*vofb]u%g,8]i7Bf;484.314.4630 x6968;explicit;Personal Loan Account;Jevonhaven;Maldives;2
